isodecoder,Dmel_BG3-c2_rep1,Dmel_BG3-c2_rep2,Single_isodecoder
mito-Ala-TGC-1,607,920,TRUE
mito-Arg-TCG-1,1836,4778,TRUE
mito-Asn-GTT-1,3798,5680,TRUE
mito-Asp-GTC-1,1456,1507,TRUE
mito-Cys-GCA-1,783,2232,TRUE
mito-Gln-TTG-1,771,1031,TRUE
mito-Glu-TTC-1,891,1245,TRUE
mito-Gly-TCC-1,3104,6484,TRUE
mito-His-GTG-1,1759,2976,TRUE
mito-Ile-GAT-1,8575,15890,TRUE
mito-Leu-TAA-1,5099,8311,TRUE
mito-Leu-TAG-1,2730,5654,TRUE
mito-Lys-CTT-1,7573,11188,TRUE
mito-Met-CAT-1,4116,5814,TRUE
mito-Phe-GAA-1,2414,4284,TRUE
mito-Pro-TGG-1,1480,2295,TRUE
mito-Ser-GCT-1,5148,7705,TRUE
mito-Ser-TGA-1,5816,9381,TRUE
mito-Thr-TGT-1,2065,4550,TRUE
mito-Trp-TCA-1,4310,7149,TRUE
mito-Tyr-GTA-1,9116,15637,TRUE
mito-Val-TAC-1,8806,14255,TRUE
Ala-AGC-1,6116,10510,TRUE
Ala-AGC-2,119103,195750,TRUE
Ala-CGC-1,31084,46898,TRUE
Ala-TGC-1,16329,25149,TRUE
Ala-TGC-2,18783,28301,TRUE
Arg-ACG-1,117425,163111,TRUE
Arg-CCT-1,27700,42279,TRUE
Arg-TCG-1,6710,10618,TRUE
Arg-TCG-3,1894,3441,TRUE
Arg-TCG-4,50059,81808,FALSE
Arg-TCT-1,20457,32650,TRUE
Arg-TCT-2,1046,2037,TRUE
Arg-TCT-3,109,256,TRUE
Asn-GTT-1,158177,244971,TRUE
Asp-GTC-2,111,175,TRUE
Asp-GTC-3,187803,270602,FALSE
Cys-GCA-1,58714,77246,TRUE
Cys-GCA-2,36510,59712,TRUE
Cys-GCA-3,14587,21619,TRUE
Cys-GCA-4,1046,2017,TRUE
Gln-CTG-1,3855,5255,TRUE
Gln-CTG-2,83940,134908,TRUE
Gln-CTG-3,14891,22629,TRUE
Gln-CTG-4,11731,19725,TRUE
Gln-TTG-1,30407,47689,TRUE
Gln-TTG-2,6576,11271,TRUE
Glu-CTC-1,17061,24729,TRUE
Glu-CTC-2,30959,43920,TRUE
Glu-CTC-3,177725,253996,TRUE
Glu-CTC-5,6,4,TRUE
Glu-TTC-1,66678,84874,TRUE
Gly-GCC-1,165345,233621,TRUE
Gly-GCC-2,9325,13755,TRUE
Gly-TCC-1,38332,58317,TRUE
Gly-TCC-2,17474,28077,TRUE
His-GTG-1,111186,163187,TRUE
Ile-AAT-1,95652,158409,TRUE
Ile-TAT-1,44530,70829,TRUE
Leu-AAG-1,52671,89748,TRUE
Leu-CAA-1,22008,32673,TRUE
Leu-CAA-2,21338,31749,TRUE
Leu-CAG-1,72649,109730,TRUE
Leu-TAA-1,7295,12490,TRUE
Leu-TAA-3,1455,2698,FALSE
Leu-TAA-4,5773,8568,TRUE
Leu-TAG-1,14940,24229,TRUE
Lys-CTT-1,124050,152667,TRUE
Lys-TTT-1,8926,14102,TRUE
Lys-TTT-2,39053,60412,TRUE
Met-CAT-1,45190,66003,TRUE
Met-CAT-2,8734,12070,TRUE
Phe-GAA-1,72895,113190,TRUE
Pro-AGG-1,71222,103352,TRUE
Pro-CGG-1,4721,6688,TRUE
Pro-CGG-2,23176,36939,TRUE
Pro-CGG-3,7331,10376,TRUE
Pro-TGG-1,28861,44476,TRUE
SeC-TCA-1,403,737,TRUE
Ser-AGA-1,2533,4027,TRUE
Ser-AGA-2,60375,94280,TRUE
Ser-AGA-3,8016,12395,TRUE
Ser-CGA-1,33938,52522,TRUE
Ser-GCT-1,27162,38874,TRUE
Ser-GCT-2,34493,52363,TRUE
Ser-TGA-1,14793,22868,TRUE
Ser-TGA-2,2124,3003,TRUE
Thr-AGT-1,66895,94514,TRUE
Thr-AGT-2,210,262,TRUE
Thr-CGT-1,39621,59298,TRUE
Thr-TGT-1,1165,1832,TRUE
Thr-TGT-2,25216,39704,TRUE
Trp-CCA-1,11414,16818,TRUE
Trp-CCA-2,52957,78842,TRUE
Tyr-GTA-1,61842,98931,TRUE
Tyr-GTA-2,343,531,TRUE
Val-AAC-1,11619,16782,TRUE
Val-AAC-2,79996,117704,TRUE
Val-CAC-1,9392,15308,TRUE
Val-CAC-2,111717,175333,TRUE
Val-TAC-1,21691,32743,TRUE
iMet-CAT-1,59880,88080,TRUE
iMet-CAT-2,1396,1453,TRUE
eColiLys-TTT-1,42659,52041,TRUE
Thr-AGT-3,0,0,TRUE
Ile-AAT-2,0,0,TRUE
Glu-CTC-6,0,0,TRUE