Anticodon,Dmel_BG3-c2_rep1,Dmel_BG3-c2_rep2
mito-Ala-TGC,607,920
mito-Arg-TCG,1836,4778
mito-Asn-GTT,3798,5680
mito-Asp-GTC,1456,1507
mito-Cys-GCA,783,2232
mito-Gln-TTG,771,1031
mito-Glu-TTC,891,1245
mito-Gly-TCC,3104,6484
mito-His-GTG,1759,2976
mito-Ile-GAT,8575,15890
mito-Leu-TAA,5099,8311
mito-Leu-TAG,2730,5654
mito-Lys-CTT,7573,11188
mito-Met-CAT,4116,5814
mito-Phe-GAA,2414,4284
mito-Pro-TGG,1480,2295
mito-Ser-GCT,5148,7705
mito-Ser-TGA,5816,9381
mito-Thr-TGT,2065,4550
mito-Trp-TCA,4310,7149
mito-Tyr-GTA,9116,15637
mito-Val-TAC,8806,14255
Ala-AGC,125219,206260
Ala-CGC,31084,46898
Ala-TGC,35112,53450
Arg-ACG,117425,163111
Arg-CCT,27700,42279
Arg-TCG,58663,95867
Arg-TCT,21612,34943
Asn-GTT,158177,244971
Asp-GTC,187914,270777
Cys-GCA,110857,160594
Gln-CTG,114417,182517
Gln-TTG,36983,58960
Glu-CTC,225751,322649
Glu-TTC,66678,84874
Gly-GCC,174670,247376
Gly-TCC,55806,86394
His-GTG,111186,163187
Ile-AAT,95652,158409
Ile-TAT,44530,70829
Leu-AAG,52671,89748
Leu-CAA,43346,64422
Leu-CAG,72649,109730
Leu-TAA,14523,23756
Leu-TAG,14940,24229
Lys-CTT,124050,152667
Lys-TTT,47979,74514
Met-CAT,53924,78073
Phe-GAA,72895,113190
Pro-AGG,71222,103352
Pro-CGG,35228,54003
Pro-TGG,28861,44476
SeC-TCA,403,737
Ser-AGA,70924,110702
Ser-CGA,33938,52522
Ser-GCT,61655,91237
Ser-TGA,16917,25871
Thr-AGT,67105,94776
Thr-CGT,39621,59298
Thr-TGT,26381,41536
Trp-CCA,64371,95660
Tyr-GTA,62185,99462
Val-AAC,91615,134486
Val-CAC,121109,190641
Val-TAC,21691,32743
iMet-CAT,61276,89533
eColiLys-TTT,42659,52041